class,cluster
AdminController,0
AppSetting,1
BaseModel,1
CacheConfiguration,1
CacheSettingService,1
Constants,2
DTOUtil,3
ExceptionHandlerController,4
FlexmarkMarkdownService,5
HomeController,0
Markdown,6
MarkdownService,7
Message,3
MessageHelper,3
NotFoundException,8
PegDownMarkdownService,5
Post,9
PostController,4
PostForm,9
PostFormat,10
PostRepository,11
PostService,4
PostStatus,10
PostType,10
PygmentsService,5
PygmentsVerbatimSerializer,6
SecurityConfig,1
Setting,12
SettingRepository,13
SettingService,8
SettingsForm,14
SpringBlogApplication,15
SyntaxHighlightService,7
Tag,12
TagController,16
TagRepository,13
TagService,16
User,12
UserController,4
UserForm,14
UserRepository,13
UserService,15
ViewHelper,0
WebConfig,11
